{"v":"4.8.0","meta":{"g":"LottieFiles AE 1.0.0","a":"","k":"","d":"","tc":"#FFFFFF"},"fr":24,"ip":0,"op":83,"w":1024,"h":1024,"nm":"Heart-1","ddd":0,"assets":[],"layers":[{"ddd":0,"ind":1,"ty":4,"nm":"heart","parent":2,"sr":1,"ks":{"o":{"a":0,"k":100},"r":{"a":0,"k":0},"p":{"a":0,"k":[240.25,252.376,0]},"a":{"a":0,"k":[140.273,123.036,0]},"s":{"a":0,"k":[100,100,100]}},"ao":0,"shapes":[{"ty":"gr","it":[{"ind":0,"ty":"sh","ks":{"a":0,"k":{"i":[[30.34,30.37],[30.29,-30.29],[30.278,-30.309],[-30.355,-30.354],[0,0],[-4.968,4.967],[0,0]],"o":[[-30.278,-30.309],[-30.29,-30.29],[-30.34,30.37],[0,0],[4.967,4.967],[0,0],[30.355,-30.354]],"v":[[109.684,-92.469],[-0.001,-92.496],[-109.683,-92.469],[-109.13,17.682],[-8.994,117.819],[8.995,117.819],[109.13,17.682]],"c":true}},"nm":"Path 1","hd":false},{"ty":"fl","c":{"a":1,"k":[{"i":{"x":[0.833],"y":[0.833]},"o":{"x":[0.167],"y":[0.167]},"t":18,"s":[1,0.241727133358,0.419909069585,1]},{"i":{"x":[0.833],"y":[0.833]},"o":{"x":[0.167],"y":[0.167]},"t":20,"s":[1,1,1,1]},{"i":{"x":[0.833],"y":[0.833]},"o":{"x":[0.167],"y":[0.167]},"t":56,"s":[1,1,1,1]},{"t":58,"s":[1,0.241727133358,0.419909069585,1]}]},"o":{"a":0,"k":100},"r":1,"bm":0,"nm":"Fill 1","hd":false},{"ty":"tr","p":{"a":0,"k":[140.273,123.037]},"a":{"a":0,"k":[0,0]},"s":{"a":0,"k":[100,100]},"r":{"a":0,"k":0},"o":{"a":0,"k":100},"sk":{"a":0,"k":0},"sa":{"a":0,"k":0},"nm":"Transform"}],"nm":"Group 1","bm":0,"hd":false}],"ip":0,"op":300,"st":0,"bm":0},{"ddd":0,"ind":2,"ty":4,"nm":"circle","sr":1,"ks":{"o":{"a":0,"k":100},"r":{"a":0,"k":0},"p":{"a":0,"k":[512,512,0]},"a":{"a":0,"k":[240.25,240.25,0]},"s":{"a":1,"k":[{"i":{"x":[0.67,0.67,0.67],"y":[1,1,1]},"o":{"x":[0.33,0.33,0.33],"y":[0,0,0]},"t":6,"s":[100,100,100]},{"i":{"x":[0.833,0.833,0.833],"y":[0.833,0.833,6.714]},"o":{"x":[0.33,0.33,0.33],"y":[0,0,0]},"t":12,"s":[120,120,100]},{"i":{"x":[0.25,0.25,0.25],"y":[1,1,1]},"o":{"x":[0.167,0.167,0.167],"y":[0.167,0.167,2.381]},"t":18,"s":[60,60,100]},{"i":{"x":[0.833,0.833,0.833],"y":[1,1,1]},"o":{"x":[0.167,0.167,0.167],"y":[0,0,0]},"t":24,"s":[100,100,100]},{"i":{"x":[0.67,0.67,0.67],"y":[1,1,1]},"o":{"x":[0.33,0.33,0.33],"y":[0,0,0]},"t":44,"s":[100,100,100]},{"i":{"x":[0.833,0.833,0.833],"y":[0.833,0.833,1]},"o":{"x":[0.33,0.33,0.33],"y":[0,0,0]},"t":50,"s":[120,120,100]},{"i":{"x":[0.25,0.25,0.25],"y":[1,1,1]},"o":{"x":[0.167,0.167,0.167],"y":[0.167,0.167,0]},"t":56,"s":[60,60,100]},{"t":62,"s":[100,100,100]}]}},"ao":0,"shapes":[{"ty":"gr","it":[{"ind":0,"ty":"sh","ks":{"a":0,"k":{"i":[[0,-132.548],[132.549,0],[0,132.549],[-132.548,0]],"o":[[0,132.549],[-132.548,0],[0,-132.548],[132.549,0]],"v":[[240,0],[0,240],[-240,0],[0,-240]],"c":true}},"nm":"Path 1","hd":false},{"ty":"fl","c":{"a":1,"k":[{"i":{"x":[0.833],"y":[0.833]},"o":{"x":[0.167],"y":[0.167]},"t":18,"s":[1,1,1,1]},{"i":{"x":[0.833],"y":[0.833]},"o":{"x":[0.167],"y":[0.167]},"t":20,"s":[1,0.243137255311,0.419607847929,1]},{"i":{"x":[0.833],"y":[0.833]},"o":{"x":[0.167],"y":[0.167]},"t":56,"s":[1,0.243137255311,0.419607847929,1]},{"t":58,"s":[1,1,1,1]}]},"o":{"a":0,"k":100},"r":1,"bm":0,"nm":"Fill 1","hd":false},{"ty":"tr","p":{"a":0,"k":[240.25,240.25]},"a":{"a":0,"k":[0,0]},"s":{"a":0,"k":[100,100]},"r":{"a":0,"k":0},"o":{"a":0,"k":100},"sk":{"a":0,"k":0},"sa":{"a":0,"k":0},"nm":"Transform"}],"nm":"Group 1","bm":0,"hd":false}],"ip":0,"op":300,"st":0,"bm":0},{"ddd":0,"ind":3,"ty":4,"nm":"shadow1","parent":2,"sr":1,"ks":{"o":{"a":0,"k":90},"r":{"a":0,"k":0},"p":{"a":0,"k":[240.25,269.574,0]},"a":{"a":0,"k":[14.543,29.324,0]},"s":{"a":0,"k":[100,100,100]}},"ao":0,"shapes":[{"ty":"gr","it":[{"d":1,"ty":"el","s":{"a":0,"k":[480,480]},"p":{"a":0,"k":[0,0]},"nm":"Ellipse Path 1","hd":false},{"ty":"gf","o":{"a":0,"k":100},"r":1,"bm":0,"g":{"p":3,"k":{"a":0,"k":[0,0,0,0,0.5,0,0,0,1,0,0,0,0,0.6,0.5,0.3,1,0]}},"s":{"a":0,"k":[0,0]},"e":{"a":0,"k":[221.547,0]},"t":2,"h":{"a":0,"k":0},"a":{"a":0,"k":0},"nm":"Gradient Fill 1","hd":false},{"ty":"tr","p":{"a":0,"k":[14.543,29.324]},"a":{"a":0,"k":[0,0]},"s":{"a":0,"k":[100,100]},"r":{"a":0,"k":0},"o":{"a":0,"k":100},"sk":{"a":0,"k":0},"sa":{"a":0,"k":0},"nm":"Transform"}],"nm":"Ellipse 1","bm":0,"hd":false}],"ip":0,"op":300,"st":0,"bm":0},{"ddd":0,"ind":4,"ty":4,"nm":"shadow2","parent":2,"sr":1,"ks":{"o":{"a":0,"k":50},"r":{"a":0,"k":0},"p":{"a":0,"k":[240.25,301.923,0]},"a":{"a":0,"k":[0,61.673,0]},"s":{"a":0,"k":[100,100,100]}},"ao":0,"shapes":[{"ty":"gr","it":[{"ind":0,"ty":"sh","ks":{"a":0,"k":{"i":[[0,-159.766],[159.766,0],[0,159.766],[-159.766,0]],"o":[[0,159.766],[-159.766,0],[0,-159.766],[159.766,0]],"v":[[289.282,61.673],[0,350.956],[-289.282,61.673],[0,-227.609]],"c":true}},"nm":"Path 1","hd":false},{"ty":"gf","o":{"a":0,"k":100},"r":1,"bm":0,"g":{"p":3,"k":{"a":0,"k":[0,0,0,0,0.5,0,0,0,1,0,0,0,0,0.6,0.5,0.3,1,0]}},"s":{"a":0,"k":[0,61]},"e":{"a":0,"k":[289.282,61]},"t":2,"h":{"a":0,"k":0},"a":{"a":0,"k":0},"nm":"Gradient Fill 1","hd":false},{"ty":"tr","p":{"a":0,"k":[0,0]},"a":{"a":0,"k":[0,0]},"s":{"a":0,"k":[100,100]},"r":{"a":0,"k":0},"o":{"a":0,"k":100},"sk":{"a":0,"k":0},"sa":{"a":0,"k":0},"nm":"Transform"}],"nm":"shadow2","bm":0,"hd":false}],"ip":0,"op":300,"st":0,"bm":0},{"ddd":0,"ind":5,"ty":4,"nm":"dot6","parent":11,"sr":1,"ks":{"o":{"a":1,"k":[{"i":{"x":[0.833],"y":[0.833]},"o":{"x":[0.167],"y":[0.167]},"t":20,"s":[100]},{"i":{"x":[0.833],"y":[0.833]},"o":{"x":[0.167],"y":[0.167]},"t":22,"s":[0]},{"i":{"x":[0.833],"y":[0.833]},"o":{"x":[0.167],"y":[0.167]},"t":57,"s":[0]},{"i":{"x":[0.833],"y":[0.833]},"o":{"x":[0.167],"y":[0.167]},"t":58,"s":[100]},{"t":60,"s":[0]}]},"r":{"a":0,"k":0},"p":{"a":0,"k":[258.051,-151.458,0]},"a":{"a":0,"k":[30.708,21.505,0]},"s":{"a":0,"k":[100,100,100]}},"ao":0,"shapes":[{"ty":"gr","it":[{"ind":0,"ty":"sh","ks":{"a":0,"k":{"i":[[6.093,-3.518],[-1.899,-3.291],[-6.093,3.518],[3.518,6.093]],"o":[[-6.093,3.518],[1.9,3.29],[6.094,-3.518],[-3.517,-6.093]],"v":[[9.532,-18.235],[-28.553,18.463],[22.27,3.83],[26.934,-13.572]],"c":true}},"nm":"Path 1","hd":false},{"ty":"fl","c":{"a":0,"k":[1,0.241727133358,0.419909069585,1]},"o":{"a":0,"k":100},"r":1,"bm":0,"nm":"Fill 1","hd":false},{"ty":"tr","p":{"a":0,"k":[30.701,22.003]},"a":{"a":0,"k":[0,0]},"s":{"a":0,"k":[100,100]},"r":{"a":0,"k":0},"o":{"a":0,"k":100},"sk":{"a":0,"k":0},"sa":{"a":0,"k":0},"nm":"Transform"}],"nm":"Group 1","bm":0,"hd":false}],"ip":0,"op":300,"st":0,"bm":0},{"ddd":0,"ind":6,"ty":4,"nm":"dot5","parent":11,"sr":1,"ks":{"o":{"a":1,"k":[{"i":{"x":[0.833],"y":[0.833]},"o":{"x":[0.167],"y":[0.167]},"t":20,"s":[100]},{"i":{"x":[0.833],"y":[0.833]},"o":{"x":[0.167],"y":[0.167]},"t":22,"s":[0]},{"i":{"x":[0.833],"y":[0.833]},"o":{"x":[0.167],"y":[0.167]},"t":57,"s":[0]},{"i":{"x":[0.833],"y":[0.833]},"o":{"x":[0.167],"y":[0.167]},"t":58,"s":[100]},{"t":60,"s":[0]}]},"r":{"a":0,"k":0},"p":{"a":0,"k":[258.051,151.458,0]},"a":{"a":0,"k":[30.709,22.502,0]},"s":{"a":0,"k":[100,100,100]}},"ao":0,"shapes":[{"ty":"gr","it":[{"ind":0,"ty":"sh","ks":{"a":0,"k":{"i":[[6.094,3.518],[1.9,-3.291],[-6.093,-3.517],[-3.517,6.094]],"o":[[-6.093,-3.518],[-1.9,3.29],[6.093,3.518],[3.518,-6.092]],"v":[[22.271,-3.83],[-28.552,-18.462],[9.532,18.235],[26.934,13.572]],"c":true}},"nm":"Path 1","hd":false},{"ty":"fl","c":{"a":0,"k":[1,0.241727133358,0.419909069585,1]},"o":{"a":0,"k":100},"r":1,"bm":0,"nm":"Fill 1","hd":false},{"ty":"tr","p":{"a":0,"k":[30.702,22.003]},"a":{"a":0,"k":[0,0]},"s":{"a":0,"k":[100,100]},"r":{"a":0,"k":0},"o":{"a":0,"k":100},"sk":{"a":0,"k":0},"sa":{"a":0,"k":0},"nm":"Transform"}],"nm":"Group 1","bm":0,"hd":false}],"ip":0,"op":300,"st":0,"bm":0},{"ddd":0,"ind":7,"ty":4,"nm":"dot4","parent":11,"sr":1,"ks":{"o":{"a":1,"k":[{"i":{"x":[0.833],"y":[0.833]},"o":{"x":[0.167],"y":[0.167]},"t":20,"s":[100]},{"i":{"x":[0.833],"y":[0.833]},"o":{"x":[0.167],"y":[0.167]},"t":22,"s":[0]},{"i":{"x":[0.833],"y":[0.833]},"o":{"x":[0.167],"y":[0.167]},"t":57,"s":[0]},{"i":{"x":[0.833],"y":[0.833]},"o":{"x":[0.167],"y":[0.167]},"t":58,"s":[100]},{"t":60,"s":[0]}]},"r":{"a":0,"k":0},"p":{"a":0,"k":[0,297.03,0]},"a":{"a":0,"k":[12.99,32.285,0]},"s":{"a":0,"k":[100,100,100]}},"ao":0,"shapes":[{"ty":"gr","it":[{"ind":0,"ty":"sh","ks":{"a":0,"k":{"i":[[0,7.036],[3.8,0],[0,-7.035],[-7.036,0]],"o":[[0,-7.035],[-3.8,0],[0,7.036],[7.036,0]],"v":[[12.74,19.296],[0,-32.035],[-12.74,19.296],[0,32.035]],"c":true}},"nm":"Path 1","hd":false},{"ty":"fl","c":{"a":0,"k":[1,0.241727133358,0.419909069585,1]},"o":{"a":0,"k":100},"r":1,"bm":0,"nm":"Fill 1","hd":false},{"ty":"tr","p":{"a":0,"k":[12.99,32.285]},"a":{"a":0,"k":[0,0]},"s":{"a":0,"k":[100,100]},"r":{"a":0,"k":0},"o":{"a":0,"k":100},"sk":{"a":0,"k":0},"sa":{"a":0,"k":0},"nm":"Transform"}],"nm":"Group 1","bm":0,"hd":false}],"ip":0,"op":300,"st":0,"bm":0},{"ddd":0,"ind":8,"ty":4,"nm":"dot3","parent":11,"sr":1,"ks":{"o":{"a":1,"k":[{"i":{"x":[0.833],"y":[0.833]},"o":{"x":[0.167],"y":[0.167]},"t":20,"s":[100]},{"i":{"x":[0.833],"y":[0.833]},"o":{"x":[0.167],"y":[0.167]},"t":22,"s":[0]},{"i":{"x":[0.833],"y":[0.833]},"o":{"x":[0.167],"y":[0.167]},"t":57,"s":[0]},{"i":{"x":[0.833],"y":[0.833]},"o":{"x":[0.167],"y":[0.167]},"t":58,"s":[100]},{"t":60,"s":[0]}]},"r":{"a":0,"k":0},"p":{"a":0,"k":[-258.051,151.458,0]},"a":{"a":0,"k":[30.695,22.502,0]},"s":{"a":0,"k":[100,100,100]}},"ao":0,"shapes":[{"ty":"gr","it":[{"ind":0,"ty":"sh","ks":{"a":0,"k":{"i":[[-6.093,3.518],[-1.9,-3.291],[6.094,-3.517],[3.518,6.094]],"o":[[6.093,-3.518],[1.9,3.29],[-6.093,3.518],[-3.518,-6.092]],"v":[[-22.271,-3.83],[28.552,-18.462],[-9.532,18.235],[-26.934,13.572]],"c":true}},"nm":"Path 1","hd":false},{"ty":"fl","c":{"a":0,"k":[1,0.241727133358,0.419909069585,1]},"o":{"a":0,"k":100},"r":1,"bm":0,"nm":"Fill 1","hd":false},{"ty":"tr","p":{"a":0,"k":[30.702,22.003]},"a":{"a":0,"k":[0,0]},"s":{"a":0,"k":[100,100]},"r":{"a":0,"k":0},"o":{"a":0,"k":100},"sk":{"a":0,"k":0},"sa":{"a":0,"k":0},"nm":"Transform"}],"nm":"Group 1","bm":0,"hd":false}],"ip":0,"op":300,"st":0,"bm":0},{"ddd":0,"ind":9,"ty":4,"nm":"dot2","parent":11,"sr":1,"ks":{"o":{"a":1,"k":[{"i":{"x":[0.833],"y":[0.833]},"o":{"x":[0.167],"y":[0.167]},"t":20,"s":[100]},{"i":{"x":[0.833],"y":[0.833]},"o":{"x":[0.167],"y":[0.167]},"t":22,"s":[0]},{"i":{"x":[0.833],"y":[0.833]},"o":{"x":[0.167],"y":[0.167]},"t":57,"s":[0]},{"i":{"x":[0.833],"y":[0.833]},"o":{"x":[0.167],"y":[0.167]},"t":58,"s":[100]},{"t":60,"s":[0]}]},"r":{"a":0,"k":0},"p":{"a":0,"k":[-258.052,-151.458,0]},"a":{"a":0,"k":[30.694,21.505,0]},"s":{"a":0,"k":[100,100,100]}},"ao":0,"shapes":[{"ty":"gr","it":[{"ind":0,"ty":"sh","ks":{"a":0,"k":{"i":[[-6.093,-3.518],[1.9,-3.291],[6.093,3.518],[-3.518,6.093]],"o":[[6.093,3.518],[-1.899,3.29],[-6.094,-3.518],[3.518,-6.093]],"v":[[-9.531,-18.235],[28.551,18.463],[-22.271,3.83],[-26.934,-13.572]],"c":true}},"nm":"Path 1","hd":false},{"ty":"fl","c":{"a":0,"k":[1,0.241727133358,0.419909069585,1]},"o":{"a":0,"k":100},"r":1,"bm":0,"nm":"Fill 1","hd":false},{"ty":"tr","p":{"a":0,"k":[30.701,22.003]},"a":{"a":0,"k":[0,0]},"s":{"a":0,"k":[100,100]},"r":{"a":0,"k":0},"o":{"a":0,"k":100},"sk":{"a":0,"k":0},"sa":{"a":0,"k":0},"nm":"Transform"}],"nm":"Group 1","bm":0,"hd":false}],"ip":0,"op":300,"st":0,"bm":0},{"ddd":0,"ind":10,"ty":4,"nm":"dot1","parent":11,"sr":1,"ks":{"o":{"a":1,"k":[{"i":{"x":[0.833],"y":[0.833]},"o":{"x":[0.167],"y":[0.167]},"t":20,"s":[100]},{"i":{"x":[0.833],"y":[0.833]},"o":{"x":[0.167],"y":[0.167]},"t":22,"s":[0]},{"i":{"x":[0.833],"y":[0.833]},"o":{"x":[0.167],"y":[0.167]},"t":57,"s":[0]},{"i":{"x":[0.833],"y":[0.833]},"o":{"x":[0.167],"y":[0.167]},"t":58,"s":[100]},{"t":60,"s":[0]}]},"r":{"a":0,"k":0},"p":{"a":0,"k":[0,-297.03,0]},"a":{"a":0,"k":[12.99,32.285,0]},"s":{"a":0,"k":[100,100,100]}},"ao":0,"shapes":[{"ty":"gr","it":[{"ind":0,"ty":"sh","ks":{"a":0,"k":{"i":[[0,-7.036],[3.8,0],[0,7.036],[-7.036,0]],"o":[[0,7.036],[-3.8,0],[0,-7.036],[7.036,0]],"v":[[12.74,-19.295],[0,32.035],[-12.74,-19.295],[0,-32.035]],"c":true}},"nm":"Path 1","hd":false},{"ty":"fl","c":{"a":0,"k":[1,0.241727133358,0.419909069585,1]},"o":{"a":0,"k":100},"r":1,"bm":0,"nm":"Fill 1","hd":false},{"ty":"tr","p":{"a":0,"k":[12.99,32.285]},"a":{"a":0,"k":[0,0]},"s":{"a":0,"k":[100,100]},"r":{"a":0,"k":0},"o":{"a":0,"k":100},"sk":{"a":0,"k":0},"sa":{"a":0,"k":0},"nm":"Transform"}],"nm":"Group 1","bm":0,"hd":false}],"ip":0,"op":300,"st":0,"bm":0},{"ddd":0,"ind":11,"ty":3,"nm":"dot controls","sr":1,"ks":{"o":{"a":0,"k":0},"r":{"a":0,"k":0},"p":{"a":0,"k":[512,512,0]},"a":{"a":0,"k":[0,0,0]},"s":{"a":1,"k":[{"i":{"x":[0.833,0.833,0.833],"y":[0.833,0.833,0.833]},"o":{"x":[0.167,0.167,0.167],"y":[0.167,0.167,0.167]},"t":12,"s":[0,0,100]},{"i":{"x":[0.833,0.833,0.833],"y":[0.833,0.833,0.833]},"o":{"x":[0.167,0.167,0.167],"y":[0.167,0.167,0.167]},"t":22,"s":[120,120,100]},{"i":{"x":[0.833,0.833,0.833],"y":[0.833,0.833,0.833]},"o":{"x":[0.167,0.167,0.167],"y":[0.167,0.167,0.167]},"t":49,"s":[120,120,100]},{"i":{"x":[0.833,0.833,0.833],"y":[0.833,0.833,0.833]},"o":{"x":[0.167,0.167,0.167],"y":[0.167,0.167,0.167]},"t":50,"s":[0,0,100]},{"t":60,"s":[120,120,100]}]}},"ao":0,"ip":0,"op":300,"st":0,"bm":0},{"ddd":0,"ind":12,"ty":4,"nm":"heart move6","sr":1,"ks":{"o":{"a":1,"k":[{"i":{"x":[0.833],"y":[0.833]},"o":{"x":[0.167],"y":[0.167]},"t":66,"s":[100]},{"t":70,"s":[0]}]},"r":{"a":1,"k":[{"i":{"x":[0.833],"y":[0.833]},"o":{"x":[0.167],"y":[0.167]},"t":60,"s":[-19.482]},{"i":{"x":[0.833],"y":[0.833]},"o":{"x":[0.167],"y":[0.167]},"t":64,"s":[15.854]},{"t":70,"s":[1.994]}]},"p":{"a":1,"k":[{"i":{"x":0.833,"y":0.833},"o":{"x":0.167,"y":0.167},"t":60,"s":[512,523.8,0],"to":[-57.667,-133,0],"ti":[-2.333,163,0]},{"t":70,"s":[552,161.8,0]}]},"a":{"a":0,"k":[140.273,123.036,0]},"s":{"a":1,"k":[{"i":{"x":[0.833,0.833,0.833],"y":[0.833,0.833,0.833]},"o":{"x":[0.167,0.167,0.167],"y":[0.167,0.167,0.167]},"t":66,"s":[30,30,100]},{"t":70,"s":[20,20,100]}]}},"ao":0,"shapes":[{"ty":"gr","it":[{"ind":0,"ty":"sh","ks":{"a":0,"k":{"i":[[30.34,30.37],[30.29,-30.29],[30.278,-30.309],[-30.355,-30.354],[0,0],[-4.968,4.967],[0,0]],"o":[[-30.278,-30.309],[-30.29,-30.29],[-30.34,30.37],[0,0],[4.967,4.967],[0,0],[30.355,-30.354]],"v":[[109.684,-92.469],[-0.001,-92.496],[-109.683,-92.469],[-109.13,17.682],[-8.994,117.819],[8.995,117.819],[109.13,17.682]],"c":true}},"nm":"Path 1","hd":false},{"ty":"fl","c":{"a":0,"k":[1,0.241727133358,0.419909069585,1]},"o":{"a":0,"k":100},"r":1,"bm":0,"nm":"Fill 1","hd":false},{"ty":"tr","p":{"a":0,"k":[140.273,123.037]},"a":{"a":0,"k":[0,0]},"s":{"a":0,"k":[100,100]},"r":{"a":0,"k":0},"o":{"a":0,"k":100},"sk":{"a":0,"k":0},"sa":{"a":0,"k":0},"nm":"Transform"}],"nm":"Group 1","bm":0,"hd":false}],"ip":60,"op":338,"st":38,"bm":0},{"ddd":0,"ind":13,"ty":4,"nm":"heart move5","sr":1,"ks":{"o":{"a":1,"k":[{"i":{"x":[0.833],"y":[0.833]},"o":{"x":[0.167],"y":[0.167]},"t":66,"s":[100]},{"t":68,"s":[0]}]},"r":{"a":1,"k":[{"i":{"x":[0.833],"y":[0.833]},"o":{"x":[0.167],"y":[0.167]},"t":58,"s":[19.771]},{"i":{"x":[0.833],"y":[0.833]},"o":{"x":[0.167],"y":[0.167]},"t":62,"s":[48.775]},{"t":68,"s":[1.994]}]},"p":{"a":1,"k":[{"i":{"x":0.833,"y":0.833},"o":{"x":0.167,"y":0.167},"t":58,"s":[512,523.8,0],"to":[30.333,-125,0],"ti":[-14.333,145,0]},{"t":68,"s":[738,152.8,0]}]},"a":{"a":0,"k":[140.273,123.036,0]},"s":{"a":1,"k":[{"i":{"x":[0.833,0.833,0.833],"y":[0.833,0.833,0.833]},"o":{"x":[0.167,0.167,0.167],"y":[0.167,0.167,0.167]},"t":64,"s":[30,30,100]},{"t":68,"s":[20,20,100]}]}},"ao":0,"shapes":[{"ty":"gr","it":[{"ind":0,"ty":"sh","ks":{"a":0,"k":{"i":[[30.34,30.37],[30.29,-30.29],[30.278,-30.309],[-30.355,-30.354],[0,0],[-4.968,4.967],[0,0]],"o":[[-30.278,-30.309],[-30.29,-30.29],[-30.34,30.37],[0,0],[4.967,4.967],[0,0],[30.355,-30.354]],"v":[[109.684,-92.469],[-0.001,-92.496],[-109.683,-92.469],[-109.13,17.682],[-8.994,117.819],[8.995,117.819],[109.13,17.682]],"c":true}},"nm":"Path 1","hd":false},{"ty":"fl","c":{"a":0,"k":[1,0.241727133358,0.419909069585,1]},"o":{"a":0,"k":100},"r":1,"bm":0,"nm":"Fill 1","hd":false},{"ty":"tr","p":{"a":0,"k":[140.273,123.037]},"a":{"a":0,"k":[0,0]},"s":{"a":0,"k":[100,100]},"r":{"a":0,"k":0},"o":{"a":0,"k":100},"sk":{"a":0,"k":0},"sa":{"a":0,"k":0},"nm":"Transform"}],"nm":"Group 1","bm":0,"hd":false}],"ip":58,"op":338,"st":38,"bm":0},{"ddd":0,"ind":14,"ty":4,"nm":"heart move4","sr":1,"ks":{"o":{"a":1,"k":[{"i":{"x":[0.833],"y":[0.833]},"o":{"x":[0.167],"y":[0.167]},"t":62,"s":[100]},{"t":64,"s":[0]}]},"r":{"a":1,"k":[{"i":{"x":[0.833],"y":[0.833]},"o":{"x":[0.167],"y":[0.167]},"t":54,"s":[-67.67]},{"i":{"x":[0.833],"y":[0.833]},"o":{"x":[0.167],"y":[0.167]},"t":60,"s":[-19.228]},{"t":64,"s":[17.592]}]},"p":{"a":1,"k":[{"i":{"x":0.833,"y":0.833},"o":{"x":0.167,"y":0.167},"t":54,"s":[512,523.8,0],"to":[-109.667,-33,0],"ti":[-62.333,149,0]},{"t":64,"s":[313,105.8,0]}]},"a":{"a":0,"k":[140.273,123.036,0]},"s":{"a":0,"k":[30,30,100]}},"ao":0,"shapes":[{"ty":"gr","it":[{"ind":0,"ty":"sh","ks":{"a":0,"k":{"i":[[30.34,30.37],[30.29,-30.29],[30.278,-30.309],[-30.355,-30.354],[0,0],[-4.968,4.967],[0,0]],"o":[[-30.278,-30.309],[-30.29,-30.29],[-30.34,30.37],[0,0],[4.967,4.967],[0,0],[30.355,-30.354]],"v":[[109.684,-92.469],[-0.001,-92.496],[-109.683,-92.469],[-109.13,17.682],[-8.994,117.819],[8.995,117.819],[109.13,17.682]],"c":true}},"nm":"Path 1","hd":false},{"ty":"fl","c":{"a":0,"k":[1,0.241727133358,0.419909069585,1]},"o":{"a":0,"k":100},"r":1,"bm":0,"nm":"Fill 1","hd":false},{"ty":"tr","p":{"a":0,"k":[140.273,123.037]},"a":{"a":0,"k":[0,0]},"s":{"a":0,"k":[100,100]},"r":{"a":0,"k":0},"o":{"a":0,"k":100},"sk":{"a":0,"k":0},"sa":{"a":0,"k":0},"nm":"Transform"}],"nm":"Group 1","bm":0,"hd":false}],"ip":54,"op":338,"st":38,"bm":0},{"ddd":0,"ind":15,"ty":4,"nm":"heart move3","sr":1,"ks":{"o":{"a":1,"k":[{"i":{"x":[0.833],"y":[0.833]},"o":{"x":[0.167],"y":[0.167]},"t":28,"s":[100]},{"t":32,"s":[0]}]},"r":{"a":1,"k":[{"i":{"x":[0.833],"y":[0.833]},"o":{"x":[0.167],"y":[0.167]},"t":22,"s":[-19.482]},{"i":{"x":[0.833],"y":[0.833]},"o":{"x":[0.167],"y":[0.167]},"t":26,"s":[15.854]},{"t":32,"s":[1.994]}]},"p":{"a":1,"k":[{"i":{"x":0.833,"y":0.833},"o":{"x":0.167,"y":0.167},"t":22,"s":[512,523.8,0],"to":[-57.667,-133,0],"ti":[-2.333,163,0]},{"t":32,"s":[552,161.8,0]}]},"a":{"a":0,"k":[140.273,123.036,0]},"s":{"a":1,"k":[{"i":{"x":[0.833,0.833,0.833],"y":[0.833,0.833,0.833]},"o":{"x":[0.167,0.167,0.167],"y":[0.167,0.167,0.167]},"t":28,"s":[30,30,100]},{"t":32,"s":[20,20,100]}]}},"ao":0,"shapes":[{"ty":"gr","it":[{"ind":0,"ty":"sh","ks":{"a":0,"k":{"i":[[30.34,30.37],[30.29,-30.29],[30.278,-30.309],[-30.355,-30.354],[0,0],[-4.968,4.967],[0,0]],"o":[[-30.278,-30.309],[-30.29,-30.29],[-30.34,30.37],[0,0],[4.967,4.967],[0,0],[30.355,-30.354]],"v":[[109.684,-92.469],[-0.001,-92.496],[-109.683,-92.469],[-109.13,17.682],[-8.994,117.819],[8.995,117.819],[109.13,17.682]],"c":true}},"nm":"Path 1","hd":false},{"ty":"fl","c":{"a":0,"k":[1,0.241727133358,0.419909069585,1]},"o":{"a":0,"k":100},"r":1,"bm":0,"nm":"Fill 1","hd":false},{"ty":"tr","p":{"a":0,"k":[140.273,123.037]},"a":{"a":0,"k":[0,0]},"s":{"a":0,"k":[100,100]},"r":{"a":0,"k":0},"o":{"a":0,"k":100},"sk":{"a":0,"k":0},"sa":{"a":0,"k":0},"nm":"Transform"}],"nm":"Group 1","bm":0,"hd":false}],"ip":0,"op":300,"st":0,"bm":0},{"ddd":0,"ind":16,"ty":4,"nm":"heart move2","sr":1,"ks":{"o":{"a":1,"k":[{"i":{"x":[0.833],"y":[0.833]},"o":{"x":[0.167],"y":[0.167]},"t":28,"s":[100]},{"t":30,"s":[0]}]},"r":{"a":1,"k":[{"i":{"x":[0.833],"y":[0.833]},"o":{"x":[0.167],"y":[0.167]},"t":20,"s":[19.771]},{"i":{"x":[0.833],"y":[0.833]},"o":{"x":[0.167],"y":[0.167]},"t":24,"s":[48.775]},{"t":30,"s":[1.994]}]},"p":{"a":1,"k":[{"i":{"x":0.833,"y":0.833},"o":{"x":0.167,"y":0.167},"t":20,"s":[512,523.8,0],"to":[30.333,-125,0],"ti":[-14.333,145,0]},{"t":30,"s":[738,152.8,0]}]},"a":{"a":0,"k":[140.273,123.036,0]},"s":{"a":1,"k":[{"i":{"x":[0.833,0.833,0.833],"y":[0.833,0.833,0.833]},"o":{"x":[0.167,0.167,0.167],"y":[0.167,0.167,0.167]},"t":26,"s":[30,30,100]},{"t":30,"s":[20,20,100]}]}},"ao":0,"shapes":[{"ty":"gr","it":[{"ind":0,"ty":"sh","ks":{"a":0,"k":{"i":[[30.34,30.37],[30.29,-30.29],[30.278,-30.309],[-30.355,-30.354],[0,0],[-4.968,4.967],[0,0]],"o":[[-30.278,-30.309],[-30.29,-30.29],[-30.34,30.37],[0,0],[4.967,4.967],[0,0],[30.355,-30.354]],"v":[[109.684,-92.469],[-0.001,-92.496],[-109.683,-92.469],[-109.13,17.682],[-8.994,117.819],[8.995,117.819],[109.13,17.682]],"c":true}},"nm":"Path 1","hd":false},{"ty":"fl","c":{"a":0,"k":[1,0.241727133358,0.419909069585,1]},"o":{"a":0,"k":100},"r":1,"bm":0,"nm":"Fill 1","hd":false},{"ty":"tr","p":{"a":0,"k":[140.273,123.037]},"a":{"a":0,"k":[0,0]},"s":{"a":0,"k":[100,100]},"r":{"a":0,"k":0},"o":{"a":0,"k":100},"sk":{"a":0,"k":0},"sa":{"a":0,"k":0},"nm":"Transform"}],"nm":"Group 1","bm":0,"hd":false}],"ip":0,"op":300,"st":0,"bm":0},{"ddd":0,"ind":17,"ty":4,"nm":"heart move1","sr":1,"ks":{"o":{"a":1,"k":[{"i":{"x":[0.833],"y":[0.833]},"o":{"x":[0.167],"y":[0.167]},"t":24,"s":[100]},{"t":26,"s":[0]}]},"r":{"a":1,"k":[{"i":{"x":[0.833],"y":[0.833]},"o":{"x":[0.167],"y":[0.167]},"t":16,"s":[-67.67]},{"i":{"x":[0.833],"y":[0.833]},"o":{"x":[0.167],"y":[0.167]},"t":22,"s":[-19.228]},{"t":26,"s":[17.592]}]},"p":{"a":1,"k":[{"i":{"x":0.833,"y":0.833},"o":{"x":0.167,"y":0.167},"t":16,"s":[512,523.8,0],"to":[-109.667,-33,0],"ti":[-62.333,149,0]},{"t":26,"s":[313,105.8,0]}]},"a":{"a":0,"k":[140.273,123.036,0]},"s":{"a":0,"k":[30,30,100]}},"ao":0,"shapes":[{"ty":"gr","it":[{"ind":0,"ty":"sh","ks":{"a":0,"k":{"i":[[30.34,30.37],[30.29,-30.29],[30.278,-30.309],[-30.355,-30.354],[0,0],[-4.968,4.967],[0,0]],"o":[[-30.278,-30.309],[-30.29,-30.29],[-30.34,30.37],[0,0],[4.967,4.967],[0,0],[30.355,-30.354]],"v":[[109.684,-92.469],[-0.001,-92.496],[-109.683,-92.469],[-109.13,17.682],[-8.994,117.819],[8.995,117.819],[109.13,17.682]],"c":true}},"nm":"Path 1","hd":false},{"ty":"fl","c":{"a":0,"k":[1,0.241727133358,0.419909069585,1]},"o":{"a":0,"k":100},"r":1,"bm":0,"nm":"Fill 1","hd":false},{"ty":"tr","p":{"a":0,"k":[140.273,123.037]},"a":{"a":0,"k":[0,0]},"s":{"a":0,"k":[100,100]},"r":{"a":0,"k":0},"o":{"a":0,"k":100},"sk":{"a":0,"k":0},"sa":{"a":0,"k":0},"nm":"Transform"}],"nm":"Group 1","bm":0,"hd":false}],"ip":0,"op":300,"st":0,"bm":0}],"markers":[]}