{"v":"5.6.3","fr":30,"ip":0,"op":75,"w":400,"h":400,"nm":"ads-long","ddd":0,"assets":[{"id":"comp_0","layers":[{"ddd":0,"ind":1,"ty":1,"nm":"Gris clair -Magenta-rouge uni 1","sr":1,"ks":{"o":{"a":0,"k":100,"ix":11},"r":{"a":0,"k":0,"ix":10},"p":{"a":0,"k":[900,400,0],"ix":2},"a":{"a":0,"k":[900,400,0],"ix":1},"s":{"a":0,"k":[100,100,100],"ix":6}},"ao":0,"hasMask":true,"masksProperties":[{"inv":false,"mode":"a","pt":{"a":0,"k":{"i":[[0,0],[0,0],[0,0],[0,0]],"o":[[0,0],[0,0],[0,0],[0,0]],"v":[[1050.328,149],[750,149],[750,683.578],[1050.328,683.578]],"c":true},"ix":1},"o":{"a":0,"k":100,"ix":3},"x":{"a":0,"k":0,"ix":4},"nm":"Masque 2"}],"sw":1800,"sh":800,"sc":"#8d8b8c","ip":0,"op":902,"st":0,"bm":0},{"ddd":0,"ind":2,"ty":4,"nm":"Calque 2 Silhouettes","sr":1,"ks":{"o":{"a":0,"k":100,"ix":11},"r":{"a":0,"k":0,"ix":10},"p":{"a":0,"k":[896.871,709.378,0],"ix":2},"a":{"a":0,"k":[57.211,3.924,0],"ix":1},"s":{"a":0,"k":[169,169,100],"ix":6}},"ao":0,"shapes":[{"ty":"gr","it":[{"ind":0,"ty":"sh","ix":1,"ks":{"a":0,"k":{"i":[[0.096,0],[0.074,0.073],[0,0],[-0.001,0.366],[-0.259,0.258],[0,0],[-0.145,-0.147],[0.146,-0.146],[0,0],[0,-0.165],[-0.118,-0.117],[0,0],[0.145,-0.147]],"o":[[-0.096,0],[0,0],[-0.259,-0.259],[0,-0.365],[0,0],[0.147,-0.147],[0.146,0.146],[0,0],[-0.117,0.117],[-0.001,0.165],[0,0],[0.145,0.147],[-0.074,0.073]],"v":[[1.416,3.674],[1.15,3.565],[-1.427,0.987],[-1.827,0.018],[-1.426,-0.949],[1.15,-3.526],[1.681,-3.527],[1.682,-2.997],[-0.896,-0.419],[-1.077,0.019],[-0.896,0.456],[1.682,3.033],[1.682,3.565]],"c":true},"ix":2},"nm":"Tracé 1","mn":"ADBE Vector Shape - Group","hd":false},{"ty":"fl","c":{"a":0,"k":[1,1,1,1],"ix":4},"o":{"a":0,"k":100,"ix":5},"r":1,"bm":0,"nm":"Fond 1","mn":"ADBE Vector Graphic - Fill","hd":false},{"ty":"tr","p":{"a":0,"k":[112.344,3.924],"ix":2},"a":{"a":0,"k":[0,0],"ix":1},"s":{"a":0,"k":[100,100],"ix":3},"r":{"a":0,"k":0,"ix":6},"o":{"a":0,"k":100,"ix":7},"sk":{"a":0,"k":0,"ix":4},"sa":{"a":0,"k":0,"ix":5},"nm":"Transformer "}],"nm":"Groupe 1","np":2,"cix":2,"bm":0,"ix":1,"mn":"ADBE Vector Group","hd":false},{"ty":"gr","it":[{"ind":0,"ty":"sh","ix":1,"ks":{"a":0,"k":{"i":[[0,0],[0,0],[0,0],[0,0]],"o":[[0,0],[0,0],[0,0],[0,0]],"v":[[-2.423,2.383],[2.423,2.383],[2.423,-2.383],[-2.423,-2.383]],"c":true},"ix":2},"nm":"Tracé 1","mn":"ADBE Vector Shape - Group","hd":false},{"ind":1,"ty":"sh","ix":2,"ks":{"a":0,"k":{"i":[[0.207,0],[0,0],[0,0.207],[0,0],[-0.207,0],[0,0],[0,-0.207],[0,0]],"o":[[0,0],[-0.207,0],[0,0],[0,-0.207],[0,0],[0.207,0],[0,0],[0,0.207]],"v":[[2.798,3.133],[-2.798,3.133],[-3.173,2.758],[-3.173,-2.758],[-2.798,-3.133],[2.798,-3.133],[3.173,-2.758],[3.173,2.758]],"c":true},"ix":2},"nm":"Tracé 2","mn":"ADBE Vector Shape - Group","hd":false},{"ty":"mm","mm":1,"nm":"Fusionner les tracés 1","mn":"ADBE Vector Filter - Merge","hd":false},{"ty":"fl","c":{"a":0,"k":[1,1,1,1],"ix":4},"o":{"a":0,"k":100,"ix":5},"r":1,"bm":0,"nm":"Fond 1","mn":"ADBE Vector Graphic - Fill","hd":false},{"ty":"tr","p":{"a":0,"k":[60.927,3.76],"ix":2},"a":{"a":0,"k":[0,0],"ix":1},"s":{"a":0,"k":[100,100],"ix":3},"r":{"a":0,"k":0,"ix":6},"o":{"a":0,"k":100,"ix":7},"sk":{"a":0,"k":0,"ix":4},"sa":{"a":0,"k":0,"ix":5},"nm":"Transformer "}],"nm":"Groupe 2","np":4,"cix":2,"bm":0,"ix":2,"mn":"ADBE Vector Group","hd":false},{"ty":"gr","it":[{"ind":0,"ty":"sh","ix":1,"ks":{"a":0,"k":{"i":[[0,0],[0,0],[0,0],[0,0]],"o":[[0,0],[0,0],[0,0],[0,0]],"v":[[-3.573,0.488],[3.573,0.488],[3.573,-0.488],[-3.573,-0.488]],"c":true},"ix":2},"nm":"Tracé 1","mn":"ADBE Vector Shape - Group","hd":false},{"ty":"fl","c":{"a":0,"k":[1,1,1,1],"ix":4},"o":{"a":0,"k":100,"ix":5},"r":1,"bm":0,"nm":"Fond 1","mn":"ADBE Vector Graphic - Fill","hd":false},{"ty":"tr","p":{"a":0,"k":[3.823,0.949],"ix":2},"a":{"a":0,"k":[0,0],"ix":1},"s":{"a":0,"k":[100,100],"ix":3},"r":{"a":0,"k":0,"ix":6},"o":{"a":0,"k":100,"ix":7},"sk":{"a":0,"k":0,"ix":4},"sa":{"a":0,"k":0,"ix":5},"nm":"Transformer "}],"nm":"Groupe 3","np":2,"cix":2,"bm":0,"ix":3,"mn":"ADBE Vector Group","hd":false}],"ip":0,"op":902,"st":0,"bm":0},{"ddd":0,"ind":3,"ty":4,"nm":"Calque 5 Silhouettes","sr":1,"ks":{"o":{"a":0,"k":100,"ix":11},"r":{"a":0,"k":0,"ix":10},"p":{"a":0,"k":[899.999,418.075,0],"ix":2},"a":{"a":0,"k":[95.72,190.654,0],"ix":1},"s":{"a":0,"k":[169,169,100],"ix":6}},"ao":0,"shapes":[{"ty":"gr","it":[{"ind":0,"ty":"sh","ix":1,"ks":{"a":0,"k":{"i":[[0,0],[15.553,0],[0,0],[0,15.553],[0,0],[-15.553,0],[0,0],[0,-15.553]],"o":[[0,15.553],[0,0],[-15.553,0],[0,0],[0,-15.553],[0,0],[15.553,0],[0,0]],"v":[[94.418,159.355],[66.257,187.516],[-65.865,187.516],[-94.026,159.355],[-94.026,-160.153],[-65.865,-188.315],[66.257,-188.315],[94.418,-160.153]],"c":true},"ix":2},"nm":"Tracé 1","mn":"ADBE Vector Shape - Group","hd":false},{"ind":1,"ty":"sh","ix":2,"ks":{"a":0,"k":{"i":[[15.552,0],[0,0],[0,-15.553],[0,0],[-15.553,0],[0,0],[0,15.553],[0,0]],"o":[[0,0],[-15.553,0],[0,0],[0,15.553],[0,0],[15.552,0],[0,0],[0,-15.553]],"v":[[67.308,-190.403],[-67.308,-190.403],[-95.47,-162.241],[-95.47,162.242],[-67.308,190.403],[67.308,190.403],[95.47,162.242],[95.47,-162.241]],"c":true},"ix":2},"nm":"Tracé 2","mn":"ADBE Vector Shape - Group","hd":false},{"ty":"mm","mm":1,"nm":"Fusionner les tracés 1","mn":"ADBE Vector Filter - Merge","hd":false},{"ty":"fl","c":{"a":0,"k":[0.505999995213,0.510000011968,0.517999985639,1],"ix":4},"o":{"a":0,"k":100,"ix":5},"r":1,"bm":0,"nm":"Fond 1","mn":"ADBE Vector Graphic - Fill","hd":false},{"ty":"tr","p":{"a":0,"k":[95.72,190.654],"ix":2},"a":{"a":0,"k":[0,0],"ix":1},"s":{"a":0,"k":[100,100],"ix":3},"r":{"a":0,"k":0,"ix":6},"o":{"a":0,"k":100,"ix":7},"sk":{"a":0,"k":0,"ix":4},"sa":{"a":0,"k":0,"ix":5},"nm":"Transformer "}],"nm":"Groupe 1","np":4,"cix":2,"bm":0,"ix":1,"mn":"ADBE Vector Group","hd":false}],"ip":0,"op":902,"st":0,"bm":0},{"ddd":0,"ind":4,"ty":4,"nm":"Calque 4 Silhouettes","sr":1,"ks":{"o":{"a":0,"k":100,"ix":11},"r":{"a":0,"k":0,"ix":10},"p":{"a":0,"k":[900.195,417.676,0],"ix":2},"a":{"a":0,"k":[94.472,188.166,0],"ix":1},"s":{"a":0,"k":[169,169,100],"ix":6}},"ao":0,"shapes":[{"ty":"gr","it":[{"ind":0,"ty":"sh","ix":1,"ks":{"a":0,"k":{"i":[[0,0],[0,0],[0,0],[0,0]],"o":[[0,0],[0,0],[0,0],[0,0]],"v":[[89.237,157.383],[-88.817,157.383],[-88.817,-158.519],[89.237,-158.519]],"c":true},"ix":2},"nm":"Tracé 1","mn":"ADBE Vector Shape - Group","hd":false},{"ind":1,"ty":"sh","ix":2,"ks":{"a":0,"k":{"i":[[-0.729,0],[0,0],[0,-0.729],[0.729,0],[0,0],[0,0.728]],"o":[[0,0],[0.729,0],[0,0.728],[0,0],[-0.729,0],[0,-0.729]],"v":[[-19.574,-172.368],[18.014,-172.368],[19.333,-171.049],[18.014,-169.73],[-19.574,-169.73],[-20.893,-171.049]],"c":true},"ix":2},"nm":"Tracé 2","mn":"ADBE Vector Shape - Group","hd":false},{"ind":2,"ty":"sh","ix":3,"ks":{"a":0,"k":{"i":[[15.553,0],[0,0],[0,-15.554],[0,0],[-15.553,0],[0,0],[0,15.552],[0,0]],"o":[[0,0],[-15.553,0],[0,0],[0,15.552],[0,0],[15.553,0],[0,0],[0,-15.554]],"v":[[66.061,-187.916],[-66.061,-187.916],[-94.222,-159.754],[-94.222,159.755],[-66.061,187.916],[66.061,187.916],[94.222,159.755],[94.222,-159.754]],"c":true},"ix":2},"nm":"Tracé 3","mn":"ADBE Vector Shape - Group","hd":false},{"ty":"mm","mm":1,"nm":"Fusionner les tracés 1","mn":"ADBE Vector Filter - Merge","hd":false},{"ty":"fl","c":{"a":0,"k":[0.004000000393,0.004000000393,0.004000000393,1],"ix":4},"o":{"a":0,"k":100,"ix":5},"r":1,"bm":0,"nm":"Fond 1","mn":"ADBE Vector Graphic - Fill","hd":false},{"ty":"tr","p":{"a":0,"k":[94.472,188.166],"ix":2},"a":{"a":0,"k":[0,0],"ix":1},"s":{"a":0,"k":[100,100],"ix":3},"r":{"a":0,"k":0,"ix":6},"o":{"a":0,"k":100,"ix":7},"sk":{"a":0,"k":0,"ix":4},"sa":{"a":0,"k":0,"ix":5},"nm":"Transformer "}],"nm":"Groupe 1","np":5,"cix":2,"bm":0,"ix":1,"mn":"ADBE Vector Group","hd":false}],"ip":0,"op":902,"st":0,"bm":0},{"ddd":0,"ind":5,"ty":4,"nm":"Calque 3 Silhouettes","sr":1,"ks":{"o":{"a":0,"k":100,"ix":11},"r":{"a":0,"k":0,"ix":10},"p":{"a":0,"k":[900.404,417.108,0],"ix":2},"a":{"a":0,"k":[89.277,158.201,0],"ix":1},"s":{"a":0,"k":[169,169,100],"ix":6}},"ao":0,"shapes":[{"ty":"gr","it":[{"ind":0,"ty":"sh","ix":1,"ks":{"a":0,"k":{"i":[[0,0],[0,0],[0,0],[0,0]],"o":[[0,0],[0,0],[0,0],[0,0]],"v":[[-89.027,157.951],[89.027,157.951],[89.027,-157.951],[-89.027,-157.951]],"c":true},"ix":2},"nm":"Tracé 1","mn":"ADBE Vector Shape - Group","hd":false},{"ty":"fl","c":{"a":0,"k":[1,1,1,1],"ix":4},"o":{"a":0,"k":100,"ix":5},"r":1,"bm":0,"nm":"Fond 1","mn":"ADBE Vector Graphic - Fill","hd":false},{"ty":"tr","p":{"a":0,"k":[89.277,158.201],"ix":2},"a":{"a":0,"k":[0,0],"ix":1},"s":{"a":0,"k":[100,100],"ix":3},"r":{"a":0,"k":0,"ix":6},"o":{"a":0,"k":100,"ix":7},"sk":{"a":0,"k":0,"ix":4},"sa":{"a":0,"k":0,"ix":5},"nm":"Transformer "}],"nm":"Groupe 1","np":2,"cix":2,"bm":0,"ix":1,"mn":"ADBE Vector Group","hd":false}],"ip":0,"op":902,"st":0,"bm":0}]}],"layers":[{"ddd":0,"ind":1,"ty":3,"nm":"Nul 8","sr":1,"ks":{"o":{"a":0,"k":0,"ix":11},"r":{"a":0,"k":0,"ix":10},"p":{"a":0,"k":[-27,93,0],"ix":2},"a":{"a":0,"k":[0,0,0],"ix":1},"s":{"a":0,"k":[40,40,100],"ix":6}},"ao":0,"ip":0,"op":902,"st":0,"bm":0},{"ddd":0,"ind":10,"ty":1,"nm":"Gris clair -Magenta-rouge uni 2","sr":1,"ks":{"o":{"a":0,"k":100,"ix":11},"r":{"a":0,"k":0,"ix":10},"p":{"a":0,"k":[200,200,0],"ix":2},"a":{"a":0,"k":[360,200,0],"ix":1},"s":{"a":0,"k":[100,100,100],"ix":6}},"ao":0,"hasMask":true,"masksProperties":[{"inv":false,"mode":"a","pt":{"a":0,"k":{"i":[[0,0],[0,0],[0,0],[0,0]],"o":[[0,0],[0,0],[0,0],[0,0]],"v":[[421.114,77],[278,77],[278,84.727],[421.114,84.727]],"c":true},"ix":1},"o":{"a":0,"k":100,"ix":3},"x":{"a":0,"k":0,"ix":4},"nm":"Masque 1"},{"inv":false,"mode":"a","pt":{"a":0,"k":{"i":[[0,0],[0,0],[0,0],[0,0]],"o":[[0,0],[0,0],[0,0],[0,0]],"v":[[421.114,91],[278,91],[278,95],[421.114,95]],"c":true},"ix":1},"o":{"a":0,"k":100,"ix":3},"x":{"a":0,"k":0,"ix":4},"nm":"Masque 2"},{"inv":false,"mode":"a","pt":{"a":0,"k":{"i":[[0,0],[0,0],[0,0],[0,0]],"o":[[0,0],[0,0],[0,0],[0,0]],"v":[[387.01,149],[284,149],[284,161.16],[387.01,161.16]],"c":true},"ix":1},"o":{"a":0,"k":100,"ix":3},"x":{"a":0,"k":0,"ix":4},"nm":"Masque 3"},{"inv":false,"mode":"a","pt":{"a":0,"k":{"i":[[0,0],[0,0],[0,0],[0,0]],"o":[[0,0],[0,0],[0,0],[0,0]],"v":[[358.959,168.5],[284.5,168.5],[284.5,170.875],[358.959,170.875]],"c":true},"ix":1},"o":{"a":0,"k":100,"ix":3},"x":{"a":0,"k":0,"ix":4},"nm":"Masque 4"},{"inv":false,"mode":"a","pt":{"a":0,"k":{"i":[[0,0],[0,0],[0,0],[0,0]],"o":[[0,0],[0,0],[0,0],[0,0]],"v":[[330.264,177.5],[284.5,177.5],[284.5,180.098],[330.264,180.098]],"c":true},"ix":1},"o":{"a":0,"k":100,"ix":3},"x":{"a":0,"k":0,"ix":4},"nm":"Masque 5"},{"inv":false,"mode":"a","pt":{"a":0,"k":{"i":[[0,0],[0,0],[0,0],[0,0]],"o":[[0,0],[0,0],[0,0],[0,0]],"v":[[356.771,177.5],[340,177.5],[340,179.811],[356.771,179.811]],"c":true},"ix":1},"o":{"a":0,"k":100,"ix":3},"x":{"a":0,"k":0,"ix":4},"nm":"Masque 6"},{"inv":false,"mode":"a","pt":{"a":0,"k":{"i":[[0,0],[0,0],[0,0],[0,0]],"o":[[0,0],[0,0],[0,0],[0,0]],"v":[[379.779,187],[283.5,187],[283.5,189.338],[379.779,189.338]],"c":true},"ix":1},"o":{"a":0,"k":100,"ix":3},"x":{"a":0,"k":0,"ix":4},"nm":"Masque 7"},{"inv":false,"mode":"a","pt":{"a":0,"k":{"i":[[0,0],[0,0],[0,0],[0,0]],"o":[[0,0],[0,0],[0,0],[0,0]],"v":[[379.42,197.5],[283.5,197.5],[283.5,198.809],[379.42,198.809]],"c":true},"ix":1},"o":{"a":0,"k":100,"ix":3},"x":{"a":0,"k":0,"ix":4},"nm":"Masque 8"},{"inv":false,"mode":"a","pt":{"a":0,"k":{"i":[[0,0],[0,0],[0,0],[0,0]],"o":[[0,0],[0,0],[0,0],[0,0]],"v":[[307.334,206.5],[283.5,206.5],[283.5,208.357],[307.334,208.357]],"c":true},"ix":1},"o":{"a":0,"k":100,"ix":3},"x":{"a":0,"k":0,"ix":4},"nm":"Masque 9"},{"inv":false,"mode":"a","pt":{"a":0,"k":{"i":[[0,0],[0,0],[0,0],[0,0]],"o":[[0,0],[0,0],[0,0],[0,0]],"v":[[360.535,231.5],[283,231.5],[283,235.885],[360.535,235.885]],"c":true},"ix":1},"o":{"a":0,"k":100,"ix":3},"x":{"a":0,"k":0,"ix":4},"nm":"Masque 10"},{"inv":false,"mode":"a","pt":{"a":0,"k":{"i":[[0,0],[0,0],[0,0],[0,0]],"o":[[0,0],[0,0],[0,0],[0,0]],"v":[[326.443,244],[283,244],[283,246.025],[326.443,246.025]],"c":true},"ix":1},"o":{"a":0,"k":100,"ix":3},"x":{"a":0,"k":0,"ix":4},"nm":"Masque 11"},{"inv":false,"mode":"a","pt":{"a":0,"k":{"i":[[0,0],[0,0],[0,0],[0,0]],"o":[[0,0],[0,0],[0,0],[0,0]],"v":[[362.383,252.5],[282.5,252.5],[282.5,254.854],[362.383,254.854]],"c":true},"ix":1},"o":{"a":0,"k":100,"ix":3},"x":{"a":0,"k":0,"ix":4},"nm":"Masque 12"},{"inv":false,"mode":"a","pt":{"a":0,"k":{"i":[[0,0],[0,0],[0,0],[0,0]],"o":[[0,0],[0,0],[0,0],[0,0]],"v":[[419.631,260.5],[378,260.5],[378,262.617],[419.631,262.617]],"c":true},"ix":1},"o":{"a":0,"k":100,"ix":3},"x":{"a":0,"k":0,"ix":4},"nm":"Masque 13"},{"inv":false,"mode":"a","pt":{"a":0,"k":{"i":[[0,0],[0,0],[0,0],[0,0]],"o":[[0,0],[0,0],[0,0],[0,0]],"v":[[421.605,271],[378.5,271],[378.5,272.596],[421.605,272.596]],"c":true},"ix":1},"o":{"a":0,"k":100,"ix":3},"x":{"a":0,"k":0,"ix":4},"nm":"Masque 14"},{"inv":false,"mode":"a","pt":{"a":0,"k":{"i":[[0,0],[0,0],[0,0],[0,0]],"o":[[0,0],[0,0],[0,0],[0,0]],"v":[[422.305,279.5],[379,279.5],[379,288.676],[422.305,288.676]],"c":true},"ix":1},"o":{"a":0,"k":100,"ix":3},"x":{"a":0,"k":0,"ix":4},"nm":"Masque 15"},{"inv":false,"mode":"a","pt":{"a":0,"k":{"i":[[0,0],[0,0],[0,0],[0,0]],"o":[[0,0],[0,0],[0,0],[0,0]],"v":[[421.01,301],[378.5,301],[378.5,303.225],[421.01,303.225]],"c":true},"ix":1},"o":{"a":0,"k":100,"ix":3},"x":{"a":0,"k":0,"ix":4},"nm":"Masque 16"},{"inv":false,"mode":"a","pt":{"a":0,"k":{"i":[[0,0],[0,0],[0,0],[0,0]],"o":[[0,0],[0,0],[0,0],[0,0]],"v":[[417.721,307.5],[378,307.5],[378,309.727],[417.721,309.727]],"c":true},"ix":1},"o":{"a":0,"k":100,"ix":3},"x":{"a":0,"k":0,"ix":4},"nm":"Masque 17"},{"inv":false,"mode":"a","pt":{"a":0,"k":{"i":[[0,0],[0,0],[0,0],[0,0]],"o":[[0,0],[0,0],[0,0],[0,0]],"v":[[412.676,317.5],[379,317.5],[379,318.879],[412.676,318.879]],"c":true},"ix":1},"o":{"a":0,"k":100,"ix":3},"x":{"a":0,"k":0,"ix":4},"nm":"Masque 18"},{"inv":false,"mode":"a","pt":{"a":0,"k":{"i":[[0,0],[0,0],[0,0],[0,0]],"o":[[0,0],[0,0],[0,0],[0,0]],"v":[[401.299,329.5],[379,329.5],[379,334.24],[401.299,334.24]],"c":true},"ix":1},"o":{"a":0,"k":100,"ix":3},"x":{"a":0,"k":0,"ix":4},"nm":"Masque 19"},{"inv":false,"mode":"a","pt":{"a":0,"k":{"i":[[0,0],[0,0],[0,0],[0,0]],"o":[[0,0],[0,0],[0,0],[0,0]],"v":[[419.488,329.5],[408,329.5],[408,333.426],[419.488,333.426]],"c":true},"ix":1},"o":{"a":0,"k":100,"ix":3},"x":{"a":0,"k":0,"ix":4},"nm":"Masque 20"}],"sw":720,"sh":400,"sc":"#545253","ip":0,"op":902,"st":0,"bm":0},{"ddd":0,"ind":11,"ty":4,"nm":"you win 3","sr":1,"ks":{"o":{"a":0,"k":100,"ix":11},"r":{"a":0,"k":0,"ix":10},"p":{"a":0,"k":[245.5,204.978,0],"ix":2},"a":{"a":0,"k":[18.435,31.18,0],"ix":1},"s":{"a":1,"k":[{"i":{"x":[0.667,0.667,0.667],"y":[1,1,1]},"o":{"x":[0.167,0.167,0.167],"y":[0.167,0.167,0.14]},"t":41,"s":[118,118,100]},{"t":54.9998604910714,"s":[0,0,100]}],"ix":6}},"ao":0,"shapes":[{"ty":"gr","it":[{"ind":0,"ty":"sh","ix":1,"ks":{"a":0,"k":{"i":[[0,0.732],[-0.593,0.666],[-1.185,0],[-0.593,-0.666],[0,-1.244],[0,0],[0,0],[0,0],[0.213,0.227],[0.38,0],[0.213,-0.227],[0,-0.556],[-0.235,-0.402],[-0.351,-0.359],[-0.402,-0.359],[-0.351,-0.424],[-0.234,-0.542],[0,-0.731],[0.607,-0.666],[1.186,0],[0.607,0.666],[0,1.244],[0,0],[0,0],[0,0],[-0.228,-0.22],[-0.381,0],[-0.228,0.219],[0,0.557],[0.235,0.403],[0.352,0.359],[0.403,0.358],[0.351,0.425],[0.234,0.542]],"o":[[0,-1.244],[0.592,-0.666],[1.185,0],[0.592,0.666],[0,0],[0,0],[0,0],[0,-0.556],[-0.212,-0.227],[-0.381,0],[-0.211,0.227],[0,0.527],[0.234,0.403],[0.351,0.359],[0.403,0.358],[0.352,0.425],[0.235,0.541],[0,1.244],[-0.608,0.666],[-1.185,0],[-0.608,-0.666],[0,0],[0,0],[0,0],[0,0.557],[0.226,0.219],[0.38,0],[0.226,-0.22],[0,-0.527],[-0.234,-0.402],[-0.351,-0.358],[-0.402,-0.359],[-0.351,-0.424],[-0.235,-0.541]],"v":[[-3.535,-3.996],[-2.646,-6.861],[0.022,-7.859],[2.69,-6.861],[3.578,-3.996],[3.578,-3.513],[1.295,-3.513],[1.295,-4.15],[0.977,-5.323],[0.088,-5.664],[-0.803,-5.323],[-1.121,-4.15],[-0.769,-2.755],[0.11,-1.613],[1.24,-0.538],[2.371,0.637],[3.249,2.086],[3.601,3.996],[2.69,6.861],[-0.001,7.859],[-2.69,6.861],[-3.601,3.996],[-3.601,3.052],[-1.318,3.052],[-1.318,4.15],[-0.977,5.314],[-0.066,5.642],[0.846,5.314],[1.186,4.15],[0.834,2.755],[-0.045,1.613],[-1.176,0.539],[-2.306,-0.637],[-3.184,-2.086]],"c":true},"ix":2},"nm":"Tracé 1","mn":"ADBE Vector Shape - Group","hd":false},{"ty":"fl","c":{"a":0,"k":[0.966735303402,0.991470217705,0.990264773369,1],"ix":4},"o":{"a":0,"k":100,"ix":5},"r":1,"bm":0,"nm":"Fond 1","mn":"ADBE Vector Graphic - Fill","hd":false},{"ty":"tr","p":{"a":0,"k":[26.349,30.61],"ix":2},"a":{"a":0,"k":[0,0],"ix":1},"s":{"a":0,"k":[77,77],"ix":3},"r":{"a":0,"k":0,"ix":6},"o":{"a":0,"k":100,"ix":7},"sk":{"a":0,"k":0,"ix":4},"sa":{"a":0,"k":0,"ix":5},"nm":"Transformer "}],"nm":"Groupe 20","np":4,"cix":2,"bm":0,"ix":1,"mn":"ADBE Vector Group","hd":false},{"ty":"gr","it":[{"ind":0,"ty":"sh","ix":1,"ks":{"a":0,"k":{"i":[[0,0],[0,0],[0,0],[-0.22,0.22],[0,0.557],[0,0],[0.219,0.219],[0.381,0]],"o":[[0,0],[0,0],[0.381,0],[0.219,-0.219],[0,0],[0,-0.556],[-0.22,-0.22],[0,0]],"v":[[-1.296,-5.489],[-1.296,5.489],[0.066,5.489],[0.967,5.159],[1.296,3.995],[1.296,-3.996],[0.967,-5.159],[0.066,-5.489]],"c":true},"ix":2},"nm":"Tracé 1","mn":"ADBE Vector Shape - Group","hd":false},{"ind":1,"ty":"sh","ix":2,"ks":{"a":0,"k":{"i":[[0,0],[0,0],[-0.593,-0.644],[0,-1.244],[0,0],[0.593,-0.644],[1.215,0],[0,0]],"o":[[0,0],[1.215,0],[0.593,0.644],[0,0],[0,1.244],[-0.593,0.644],[0,0],[0,0]],"v":[[-3.711,-7.684],[0.109,-7.684],[2.821,-6.718],[3.711,-3.886],[3.711,3.886],[2.821,6.718],[0.109,7.684],[-3.711,7.684]],"c":true},"ix":2},"nm":"Tracé 2","mn":"ADBE Vector Shape - Group","hd":false},{"ty":"mm","mm":1,"nm":"Fusionner les tracés 1","mn":"ADBE Vector Filter - Merge","hd":false},{"ty":"fl","c":{"a":0,"k":[0.966735303402,0.991470217705,0.990264773369,1],"ix":4},"o":{"a":0,"k":100,"ix":5},"r":1,"bm":0,"nm":"Fond 1","mn":"ADBE Vector Graphic - Fill","hd":false},{"ty":"tr","p":{"a":0,"k":[19.374,30.61],"ix":2},"a":{"a":0,"k":[0,0],"ix":1},"s":{"a":0,"k":[77,77],"ix":3},"r":{"a":0,"k":0,"ix":6},"o":{"a":0,"k":100,"ix":7},"sk":{"a":0,"k":0,"ix":4},"sa":{"a":0,"k":0,"ix":5},"nm":"Transformer "}],"nm":"Groupe 21","np":6,"cix":2,"bm":0,"ix":2,"mn":"ADBE Vector Group","hd":false},{"ty":"gr","it":[{"ind":0,"ty":"sh","ix":1,"ks":{"a":0,"k":{"i":[[0,0],[0,0],[0,0]],"o":[[0,0],[0,0],[0,0]],"v":[[-1.285,2.81],[1.043,2.81],[-0.122,-4.962]],"c":true},"ix":2},"nm":"Tracé 1","mn":"ADBE Vector Shape - Group","hd":false},{"ind":1,"ty":"sh","ix":2,"ks":{"a":0,"k":{"i":[[0,0],[0,0],[0,0],[0,0],[0,0],[0,0],[0,0],[0,0]],"o":[[0,0],[0,0],[0,0],[0,0],[0,0],[0,0],[0,0],[0,0]],"v":[[4.227,7.684],[1.789,7.684],[1.372,4.896],[-1.593,4.896],[-2.01,7.684],[-4.227,7.684],[-1.768,-7.684],[1.768,-7.684]],"c":true},"ix":2},"nm":"Tracé 2","mn":"ADBE Vector Shape - Group","hd":false},{"ty":"mm","mm":1,"nm":"Fusionner les tracés 1","mn":"ADBE Vector Filter - Merge","hd":false},{"ty":"fl","c":{"a":0,"k":[0.966735303402,0.991470217705,0.990264773369,1],"ix":4},"o":{"a":0,"k":100,"ix":5},"r":1,"bm":0,"nm":"Fond 1","mn":"ADBE Vector Graphic - Fill","hd":false},{"ty":"tr","p":{"a":0,"k":[11.818,30.61],"ix":2},"a":{"a":0,"k":[0,0],"ix":1},"s":{"a":0,"k":[77,77],"ix":3},"r":{"a":0,"k":0,"ix":6},"o":{"a":0,"k":100,"ix":7},"sk":{"a":0,"k":0,"ix":4},"sa":{"a":0,"k":0,"ix":5},"nm":"Transformer "}],"nm":"Groupe 22","np":4,"cix":2,"bm":0,"ix":3,"mn":"ADBE Vector Group","hd":false},{"ty":"gr","it":[{"ind":0,"ty":"sh","ix":1,"ks":{"a":0,"k":{"i":[[0,-2.53],[0,0],[2.529,0],[0,0],[0,2.53],[0,0],[-2.536,0],[0,0]],"o":[[0,0],[0,2.53],[0,0],[-2.536,0],[0,0],[0,-2.53],[0,0],[2.529,0]],"v":[[43.186,-28.327],[43.186,28.327],[38.581,32.93],[-38.581,32.93],[-43.186,28.327],[-43.186,-28.327],[-38.581,-32.93],[38.581,-32.93]],"c":true},"ix":2},"nm":"Tracé 1","mn":"ADBE Vector Shape - Group","hd":false},{"ty":"fl","c":{"a":0,"k":[0.929000016755,0.33300000359,0.39199999641,1],"ix":4},"o":{"a":0,"k":100,"ix":5},"r":1,"bm":0,"nm":"Fond 1","mn":"ADBE Vector Graphic - Fill","hd":false},{"ty":"tr","p":{"a":0,"k":[18.435,31.18],"ix":2},"a":{"a":0,"k":[0,0],"ix":1},"s":{"a":0,"k":[32,106],"ix":3},"r":{"a":0,"k":0,"ix":6},"o":{"a":0,"k":100,"ix":7},"sk":{"a":0,"k":0,"ix":4},"sa":{"a":0,"k":0,"ix":5},"nm":"Transformer "}],"nm":"Groupe 28","np":4,"cix":2,"bm":0,"ix":4,"mn":"ADBE Vector Group","hd":false}],"ip":-2,"op":91,"st":-45.5714285714286,"bm":0},{"ddd":0,"ind":12,"ty":4,"nm":"you win 2","sr":1,"ks":{"o":{"a":0,"k":100,"ix":11},"r":{"a":0,"k":0,"ix":10},"p":{"a":0,"k":[190,120.978,0],"ix":2},"a":{"a":0,"k":[18.435,31.18,0],"ix":1},"s":{"a":1,"k":[{"i":{"x":[0.667,0.667,0.667],"y":[1,1,1]},"o":{"x":[0.167,0.167,0.167],"y":[0.167,0.167,-16.817]},"t":40,"s":[112,112,100]},{"t":48.9998604910714,"s":[0,0,100]}],"ix":6}},"ao":0,"shapes":[{"ty":"gr","it":[{"ind":0,"ty":"sh","ix":1,"ks":{"a":0,"k":{"i":[[0,0.732],[-0.593,0.666],[-1.185,0],[-0.593,-0.666],[0,-1.244],[0,0],[0,0],[0,0],[0.213,0.227],[0.38,0],[0.213,-0.227],[0,-0.556],[-0.235,-0.402],[-0.351,-0.359],[-0.402,-0.359],[-0.351,-0.424],[-0.234,-0.542],[0,-0.731],[0.607,-0.666],[1.186,0],[0.607,0.666],[0,1.244],[0,0],[0,0],[0,0],[-0.228,-0.22],[-0.381,0],[-0.228,0.219],[0,0.557],[0.235,0.403],[0.352,0.359],[0.403,0.358],[0.351,0.425],[0.234,0.542]],"o":[[0,-1.244],[0.592,-0.666],[1.185,0],[0.592,0.666],[0,0],[0,0],[0,0],[0,-0.556],[-0.212,-0.227],[-0.381,0],[-0.211,0.227],[0,0.527],[0.234,0.403],[0.351,0.359],[0.403,0.358],[0.352,0.425],[0.235,0.541],[0,1.244],[-0.608,0.666],[-1.185,0],[-0.608,-0.666],[0,0],[0,0],[0,0],[0,0.557],[0.226,0.219],[0.38,0],[0.226,-0.22],[0,-0.527],[-0.234,-0.402],[-0.351,-0.358],[-0.402,-0.359],[-0.351,-0.424],[-0.235,-0.541]],"v":[[-3.535,-3.996],[-2.646,-6.861],[0.022,-7.859],[2.69,-6.861],[3.578,-3.996],[3.578,-3.513],[1.295,-3.513],[1.295,-4.15],[0.977,-5.323],[0.088,-5.664],[-0.803,-5.323],[-1.121,-4.15],[-0.769,-2.755],[0.11,-1.613],[1.24,-0.538],[2.371,0.637],[3.249,2.086],[3.601,3.996],[2.69,6.861],[-0.001,7.859],[-2.69,6.861],[-3.601,3.996],[-3.601,3.052],[-1.318,3.052],[-1.318,4.15],[-0.977,5.314],[-0.066,5.642],[0.846,5.314],[1.186,4.15],[0.834,2.755],[-0.045,1.613],[-1.176,0.539],[-2.306,-0.637],[-3.184,-2.086]],"c":true},"ix":2},"nm":"Tracé 1","mn":"ADBE Vector Shape - Group","hd":false},{"ty":"fl","c":{"a":0,"k":[0.966735303402,0.991470217705,0.990264773369,1],"ix":4},"o":{"a":0,"k":100,"ix":5},"r":1,"bm":0,"nm":"Fond 1","mn":"ADBE Vector Graphic - Fill","hd":false},{"ty":"tr","p":{"a":0,"k":[27.849,30.61],"ix":2},"a":{"a":0,"k":[0,0],"ix":1},"s":{"a":0,"k":[100,100],"ix":3},"r":{"a":0,"k":0,"ix":6},"o":{"a":0,"k":100,"ix":7},"sk":{"a":0,"k":0,"ix":4},"sa":{"a":0,"k":0,"ix":5},"nm":"Transformer "}],"nm":"Groupe 20","np":4,"cix":2,"bm":0,"ix":1,"mn":"ADBE Vector Group","hd":false},{"ty":"gr","it":[{"ind":0,"ty":"sh","ix":1,"ks":{"a":0,"k":{"i":[[0,0],[0,0],[0,0],[-0.22,0.22],[0,0.557],[0,0],[0.219,0.219],[0.381,0]],"o":[[0,0],[0,0],[0.381,0],[0.219,-0.219],[0,0],[0,-0.556],[-0.22,-0.22],[0,0]],"v":[[-1.296,-5.489],[-1.296,5.489],[0.066,5.489],[0.967,5.159],[1.296,3.995],[1.296,-3.996],[0.967,-5.159],[0.066,-5.489]],"c":true},"ix":2},"nm":"Tracé 1","mn":"ADBE Vector Shape - Group","hd":false},{"ind":1,"ty":"sh","ix":2,"ks":{"a":0,"k":{"i":[[0,0],[0,0],[-0.593,-0.644],[0,-1.244],[0,0],[0.593,-0.644],[1.215,0],[0,0]],"o":[[0,0],[1.215,0],[0.593,0.644],[0,0],[0,1.244],[-0.593,0.644],[0,0],[0,0]],"v":[[-3.711,-7.684],[0.109,-7.684],[2.821,-6.718],[3.711,-3.886],[3.711,3.886],[2.821,6.718],[0.109,7.684],[-3.711,7.684]],"c":true},"ix":2},"nm":"Tracé 2","mn":"ADBE Vector Shape - Group","hd":false},{"ty":"mm","mm":1,"nm":"Fusionner les tracés 1","mn":"ADBE Vector Filter - Merge","hd":false},{"ty":"fl","c":{"a":0,"k":[0.966735303402,0.991470217705,0.990264773369,1],"ix":4},"o":{"a":0,"k":100,"ix":5},"r":1,"bm":0,"nm":"Fond 1","mn":"ADBE Vector Graphic - Fill","hd":false},{"ty":"tr","p":{"a":0,"k":[19.374,30.61],"ix":2},"a":{"a":0,"k":[0,0],"ix":1},"s":{"a":0,"k":[100,100],"ix":3},"r":{"a":0,"k":0,"ix":6},"o":{"a":0,"k":100,"ix":7},"sk":{"a":0,"k":0,"ix":4},"sa":{"a":0,"k":0,"ix":5},"nm":"Transformer "}],"nm":"Groupe 21","np":6,"cix":2,"bm":0,"ix":2,"mn":"ADBE Vector Group","hd":false},{"ty":"gr","it":[{"ind":0,"ty":"sh","ix":1,"ks":{"a":0,"k":{"i":[[0,0],[0,0],[0,0]],"o":[[0,0],[0,0],[0,0]],"v":[[-1.285,2.81],[1.043,2.81],[-0.122,-4.962]],"c":true},"ix":2},"nm":"Tracé 1","mn":"ADBE Vector Shape - Group","hd":false},{"ind":1,"ty":"sh","ix":2,"ks":{"a":0,"k":{"i":[[0,0],[0,0],[0,0],[0,0],[0,0],[0,0],[0,0],[0,0]],"o":[[0,0],[0,0],[0,0],[0,0],[0,0],[0,0],[0,0],[0,0]],"v":[[4.227,7.684],[1.789,7.684],[1.372,4.896],[-1.593,4.896],[-2.01,7.684],[-4.227,7.684],[-1.768,-7.684],[1.768,-7.684]],"c":true},"ix":2},"nm":"Tracé 2","mn":"ADBE Vector Shape - Group","hd":false},{"ty":"mm","mm":1,"nm":"Fusionner les tracés 1","mn":"ADBE Vector Filter - Merge","hd":false},{"ty":"fl","c":{"a":0,"k":[0.966735303402,0.991470217705,0.990264773369,1],"ix":4},"o":{"a":0,"k":100,"ix":5},"r":1,"bm":0,"nm":"Fond 1","mn":"ADBE Vector Graphic - Fill","hd":false},{"ty":"tr","p":{"a":0,"k":[10.318,30.61],"ix":2},"a":{"a":0,"k":[0,0],"ix":1},"s":{"a":0,"k":[100,100],"ix":3},"r":{"a":0,"k":0,"ix":6},"o":{"a":0,"k":100,"ix":7},"sk":{"a":0,"k":0,"ix":4},"sa":{"a":0,"k":0,"ix":5},"nm":"Transformer "}],"nm":"Groupe 22","np":4,"cix":2,"bm":0,"ix":3,"mn":"ADBE Vector Group","hd":false},{"ty":"gr","it":[{"ind":0,"ty":"sh","ix":1,"ks":{"a":0,"k":{"i":[[0,-2.53],[0,0],[2.529,0],[0,0],[0,2.53],[0,0],[-2.536,0],[0,0]],"o":[[0,0],[0,2.53],[0,0],[-2.536,0],[0,0],[0,-2.53],[0,0],[2.529,0]],"v":[[43.186,-28.327],[43.186,28.327],[38.581,32.93],[-38.581,32.93],[-43.186,28.327],[-43.186,-28.327],[-38.581,-32.93],[38.581,-32.93]],"c":true},"ix":2},"nm":"Tracé 1","mn":"ADBE Vector Shape - Group","hd":false},{"ty":"fl","c":{"a":0,"k":[0.929000016755,0.33300000359,0.39199999641,1],"ix":4},"o":{"a":0,"k":100,"ix":5},"r":1,"bm":0,"nm":"Fond 1","mn":"ADBE Vector Graphic - Fill","hd":false},{"ty":"tr","p":{"a":0,"k":[18.435,31.18],"ix":2},"a":{"a":0,"k":[0,0],"ix":1},"s":{"a":0,"k":[153,51],"ix":3},"r":{"a":0,"k":0,"ix":6},"o":{"a":0,"k":100,"ix":7},"sk":{"a":0,"k":0,"ix":4},"sa":{"a":0,"k":0,"ix":5},"nm":"Transformer "}],"nm":"Groupe 28","np":4,"cix":2,"bm":0,"ix":4,"mn":"ADBE Vector Group","hd":false}],"ip":0,"op":68,"st":-57.5714285714286,"bm":0},{"ddd":0,"ind":13,"ty":4,"nm":"you win","parent":1,"sr":1,"ks":{"o":{"a":0,"k":100,"ix":11},"r":{"a":0,"k":0,"ix":10},"p":{"a":0,"k":[473,537.886,0],"ix":2},"a":{"a":0,"k":[43.436,33.18,0],"ix":1},"s":{"a":1,"k":[{"i":{"x":[0.667,0.667,0.667],"y":[1,1,1]},"o":{"x":[0.167,0.167,0.167],"y":[0.167,0.167,-16.79]},"t":39,"s":[272,272,100]},{"t":43.9998604910714,"s":[0,0,100]}],"ix":6}},"ao":0,"shapes":[{"ty":"gr","it":[{"ind":0,"ty":"sh","ix":1,"ks":{"a":0,"k":{"i":[[0,0.732],[-0.593,0.666],[-1.185,0],[-0.593,-0.666],[0,-1.244],[0,0],[0,0],[0,0],[0.213,0.227],[0.38,0],[0.213,-0.227],[0,-0.556],[-0.235,-0.402],[-0.351,-0.359],[-0.402,-0.359],[-0.351,-0.424],[-0.234,-0.542],[0,-0.731],[0.607,-0.666],[1.186,0],[0.607,0.666],[0,1.244],[0,0],[0,0],[0,0],[-0.228,-0.22],[-0.381,0],[-0.228,0.219],[0,0.557],[0.235,0.403],[0.352,0.359],[0.403,0.358],[0.351,0.425],[0.234,0.542]],"o":[[0,-1.244],[0.592,-0.666],[1.185,0],[0.592,0.666],[0,0],[0,0],[0,0],[0,-0.556],[-0.212,-0.227],[-0.381,0],[-0.211,0.227],[0,0.527],[0.234,0.403],[0.351,0.359],[0.403,0.358],[0.352,0.425],[0.235,0.541],[0,1.244],[-0.608,0.666],[-1.185,0],[-0.608,-0.666],[0,0],[0,0],[0,0],[0,0.557],[0.226,0.219],[0.38,0],[0.226,-0.22],[0,-0.527],[-0.234,-0.402],[-0.351,-0.358],[-0.402,-0.359],[-0.351,-0.424],[-0.235,-0.541]],"v":[[-3.535,-3.996],[-2.646,-6.861],[0.022,-7.859],[2.69,-6.861],[3.578,-3.996],[3.578,-3.513],[1.295,-3.513],[1.295,-4.15],[0.977,-5.323],[0.088,-5.664],[-0.803,-5.323],[-1.121,-4.15],[-0.769,-2.755],[0.11,-1.613],[1.24,-0.538],[2.371,0.637],[3.249,2.086],[3.601,3.996],[2.69,6.861],[-0.001,7.859],[-2.69,6.861],[-3.601,3.996],[-3.601,3.052],[-1.318,3.052],[-1.318,4.15],[-0.977,5.314],[-0.066,5.642],[0.846,5.314],[1.186,4.15],[0.834,2.755],[-0.045,1.613],[-1.176,0.539],[-2.306,-0.637],[-3.184,-2.086]],"c":true},"ix":2},"nm":"Tracé 1","mn":"ADBE Vector Shape - Group","hd":false},{"ty":"fl","c":{"a":0,"k":[0.966735303402,0.991470217705,0.990264773369,1],"ix":4},"o":{"a":0,"k":100,"ix":5},"r":1,"bm":0,"nm":"Fond 1","mn":"ADBE Vector Graphic - Fill","hd":false},{"ty":"tr","p":{"a":0,"k":[48.849,30.61],"ix":2},"a":{"a":0,"k":[0,0],"ix":1},"s":{"a":0,"k":[100,100],"ix":3},"r":{"a":0,"k":0,"ix":6},"o":{"a":0,"k":100,"ix":7},"sk":{"a":0,"k":0,"ix":4},"sa":{"a":0,"k":0,"ix":5},"nm":"Transformer "}],"nm":"Groupe 20","np":4,"cix":2,"bm":0,"ix":1,"mn":"ADBE Vector Group","hd":false},{"ty":"gr","it":[{"ind":0,"ty":"sh","ix":1,"ks":{"a":0,"k":{"i":[[0,0],[0,0],[0,0],[-0.22,0.22],[0,0.557],[0,0],[0.219,0.219],[0.381,0]],"o":[[0,0],[0,0],[0.381,0],[0.219,-0.219],[0,0],[0,-0.556],[-0.22,-0.22],[0,0]],"v":[[-1.296,-5.489],[-1.296,5.489],[0.066,5.489],[0.967,5.159],[1.296,3.995],[1.296,-3.996],[0.967,-5.159],[0.066,-5.489]],"c":true},"ix":2},"nm":"Tracé 1","mn":"ADBE Vector Shape - Group","hd":false},{"ind":1,"ty":"sh","ix":2,"ks":{"a":0,"k":{"i":[[0,0],[0,0],[-0.593,-0.644],[0,-1.244],[0,0],[0.593,-0.644],[1.215,0],[0,0]],"o":[[0,0],[1.215,0],[0.593,0.644],[0,0],[0,1.244],[-0.593,0.644],[0,0],[0,0]],"v":[[-3.711,-7.684],[0.109,-7.684],[2.821,-6.718],[3.711,-3.886],[3.711,3.886],[2.821,6.718],[0.109,7.684],[-3.711,7.684]],"c":true},"ix":2},"nm":"Tracé 2","mn":"ADBE Vector Shape - Group","hd":false},{"ty":"mm","mm":1,"nm":"Fusionner les tracés 1","mn":"ADBE Vector Filter - Merge","hd":false},{"ty":"fl","c":{"a":0,"k":[0.966735303402,0.991470217705,0.990264773369,1],"ix":4},"o":{"a":0,"k":100,"ix":5},"r":1,"bm":0,"nm":"Fond 1","mn":"ADBE Vector Graphic - Fill","hd":false},{"ty":"tr","p":{"a":0,"k":[40.374,30.61],"ix":2},"a":{"a":0,"k":[0,0],"ix":1},"s":{"a":0,"k":[100,100],"ix":3},"r":{"a":0,"k":0,"ix":6},"o":{"a":0,"k":100,"ix":7},"sk":{"a":0,"k":0,"ix":4},"sa":{"a":0,"k":0,"ix":5},"nm":"Transformer "}],"nm":"Groupe 21","np":6,"cix":2,"bm":0,"ix":2,"mn":"ADBE Vector Group","hd":false},{"ty":"gr","it":[{"ind":0,"ty":"sh","ix":1,"ks":{"a":0,"k":{"i":[[0,0],[0,0],[0,0]],"o":[[0,0],[0,0],[0,0]],"v":[[-1.285,2.81],[1.043,2.81],[-0.122,-4.962]],"c":true},"ix":2},"nm":"Tracé 1","mn":"ADBE Vector Shape - Group","hd":false},{"ind":1,"ty":"sh","ix":2,"ks":{"a":0,"k":{"i":[[0,0],[0,0],[0,0],[0,0],[0,0],[0,0],[0,0],[0,0]],"o":[[0,0],[0,0],[0,0],[0,0],[0,0],[0,0],[0,0],[0,0]],"v":[[4.227,7.684],[1.789,7.684],[1.372,4.896],[-1.593,4.896],[-2.01,7.684],[-4.227,7.684],[-1.768,-7.684],[1.768,-7.684]],"c":true},"ix":2},"nm":"Tracé 2","mn":"ADBE Vector Shape - Group","hd":false},{"ty":"mm","mm":1,"nm":"Fusionner les tracés 1","mn":"ADBE Vector Filter - Merge","hd":false},{"ty":"fl","c":{"a":0,"k":[0.966735303402,0.991470217705,0.990264773369,1],"ix":4},"o":{"a":0,"k":100,"ix":5},"r":1,"bm":0,"nm":"Fond 1","mn":"ADBE Vector Graphic - Fill","hd":false},{"ty":"tr","p":{"a":0,"k":[31.318,30.61],"ix":2},"a":{"a":0,"k":[0,0],"ix":1},"s":{"a":0,"k":[100,100],"ix":3},"r":{"a":0,"k":0,"ix":6},"o":{"a":0,"k":100,"ix":7},"sk":{"a":0,"k":0,"ix":4},"sa":{"a":0,"k":0,"ix":5},"nm":"Transformer "}],"nm":"Groupe 22","np":4,"cix":2,"bm":0,"ix":3,"mn":"ADBE Vector Group","hd":false},{"ty":"gr","it":[{"ind":0,"ty":"sh","ix":1,"ks":{"a":0,"k":{"i":[[0,-2.53],[0,0],[2.529,0],[0,0],[0,2.53],[0,0],[-2.536,0],[0,0]],"o":[[0,0],[0,2.53],[0,0],[-2.536,0],[0,0],[0,-2.53],[0,0],[2.529,0]],"v":[[43.186,-28.327],[43.186,28.327],[38.581,32.93],[-38.581,32.93],[-43.186,28.327],[-43.186,-28.327],[-38.581,-32.93],[38.581,-32.93]],"c":true},"ix":2},"nm":"Tracé 1","mn":"ADBE Vector Shape - Group","hd":false},{"ty":"fl","c":{"a":0,"k":[0.929000016755,0.33300000359,0.39199999641,1],"ix":4},"o":{"a":0,"k":100,"ix":5},"r":1,"bm":0,"nm":"Fond 1","mn":"ADBE Vector Graphic - Fill","hd":false},{"ty":"tr","p":{"a":0,"k":[43.435,31.18],"ix":2},"a":{"a":0,"k":[0,0],"ix":1},"s":{"a":0,"k":[100,100],"ix":3},"r":{"a":0,"k":0,"ix":6},"o":{"a":0,"k":100,"ix":7},"sk":{"a":0,"k":0,"ix":4},"sa":{"a":0,"k":0,"ix":5},"nm":"Transformer "}],"nm":"Groupe 28","np":4,"cix":2,"bm":0,"ix":4,"mn":"ADBE Vector Group","hd":false}],"ip":-8,"op":66,"st":-54.5714285714286,"bm":0},{"ddd":0,"ind":16,"ty":0,"nm":"phone","parent":1,"refId":"comp_0","sr":1,"ks":{"o":{"a":0,"k":100,"ix":11},"r":{"a":0,"k":0,"ix":10},"p":{"a":0,"k":[540,256,0],"ix":2},"a":{"a":0,"k":[900,400,0],"ix":1},"s":{"a":0,"k":[134,134,100],"ix":6}},"ao":0,"w":1800,"h":800,"ip":0,"op":92,"st":0,"bm":0}],"markers":[]}